"","Subject","Exp","order","subBlock","countProp","trialCongruency","vjoutRT"
"1","1","E1","B1 100","B1","100% Con","con",471.416666666667
"2","1","E1","B1 100","B1","100% Con","inc",584.8
"3","1","E1","B1 100","B1","0% Con","con",556.181818181818
"4","1","E1","B1 100","B1","0% Con","inc",670.333333333333
"5","1","E1","B1 100","B2","100% Con","con",508.272727272727
"6","1","E1","B1 100","B2","100% Con","inc",617.818181818182
"7","1","E1","B1 100","B2","0% Con","con",506.75
"8","1","E1","B1 100","B2","0% Con","inc",556.545454545455
"9","2","E1","B1 0","B1","100% Con","con",575.909090909091
"10","2","E1","B1 0","B1","100% Con","inc",621
"11","2","E1","B1 0","B1","0% Con","con",654.333333333333
"12","2","E1","B1 0","B1","0% Con","inc",712.727272727273
"13","2","E1","B1 0","B2","100% Con","con",511.916666666667
"14","2","E1","B1 0","B2","100% Con","inc",562.5
"15","2","E1","B1 0","B2","0% Con","con",596.5
"16","2","E1","B1 0","B2","0% Con","inc",630
"17","3","E1","B1 0","B1","100% Con","con",379.636363636364
"18","3","E1","B1 0","B1","100% Con","inc",411.916666666667
"19","3","E1","B1 0","B1","0% Con","con",389.727272727273
"20","3","E1","B1 0","B1","0% Con","inc",409
"21","3","E1","B1 0","B2","100% Con","con",365.583333333333
"22","3","E1","B1 0","B2","100% Con","inc",405.416666666667
"23","3","E1","B1 0","B2","0% Con","con",363.909090909091
"24","3","E1","B1 0","B2","0% Con","inc",407.111111111111
"25","4","E1","B1 100","B1","100% Con","con",473.818181818182
"26","4","E1","B1 100","B1","100% Con","inc",630.3
"27","4","E1","B1 100","B1","0% Con","con",442.75
"28","4","E1","B1 100","B1","0% Con","inc",527.333333333333
"29","4","E1","B1 100","B2","100% Con","con",432.090909090909
"30","4","E1","B1 100","B2","100% Con","inc",595.888888888889
"31","4","E1","B1 100","B2","0% Con","con",490.75
"32","4","E1","B1 100","B2","0% Con","inc",532.1
"33","5","E1","B1 0","B1","100% Con","con",656.545454545455
"34","5","E1","B1 0","B1","100% Con","inc",829.727272727273
"35","5","E1","B1 0","B1","0% Con","con",662.636363636364
"36","5","E1","B1 0","B1","0% Con","inc",783.090909090909
"37","5","E1","B1 0","B2","100% Con","con",620.454545454545
"38","5","E1","B1 0","B2","100% Con","inc",709.083333333333
"39","5","E1","B1 0","B2","0% Con","con",650.727272727273
"40","5","E1","B1 0","B2","0% Con","inc",648.909090909091
"41","6","E1","B1 100","B1","100% Con","con",517.545454545455
"42","6","E1","B1 100","B1","100% Con","inc",619.916666666667
"43","6","E1","B1 100","B1","0% Con","con",494.75
"44","6","E1","B1 100","B1","0% Con","inc",602.636363636364
"45","6","E1","B1 100","B2","100% Con","con",507.727272727273
"46","6","E1","B1 100","B2","100% Con","inc",637.9
"47","6","E1","B1 100","B2","0% Con","con",499.916666666667
"48","6","E1","B1 100","B2","0% Con","inc",624
"49","7","E1","B1 100","B1","100% Con","con",515.083333333333
"50","7","E1","B1 100","B1","100% Con","inc",570.181818181818
"51","7","E1","B1 100","B1","0% Con","con",715.333333333333
"52","7","E1","B1 100","B1","0% Con","inc",852.181818181818
"53","7","E1","B1 100","B2","100% Con","con",656.416666666667
"54","7","E1","B1 100","B2","100% Con","inc",665
"55","7","E1","B1 100","B2","0% Con","con",499.272727272727
"56","7","E1","B1 100","B2","0% Con","inc",782.818181818182
"57","8","E1","B1 100","B1","100% Con","con",591.833333333333
"58","8","E1","B1 100","B1","100% Con","inc",680.2
"59","8","E1","B1 100","B1","0% Con","con",561.181818181818
"60","8","E1","B1 100","B1","0% Con","inc",891.090909090909
"61","8","E1","B1 100","B2","100% Con","con",537.222222222222
"62","8","E1","B1 100","B2","100% Con","inc",594
"63","8","E1","B1 100","B2","0% Con","con",616.636363636364
"64","8","E1","B1 100","B2","0% Con","inc",601.454545454545
"65","9","E1","B1 0","B1","100% Con","con",479.818181818182
"66","9","E1","B1 0","B1","100% Con","inc",543.727272727273
"67","9","E1","B1 0","B1","0% Con","con",470.545454545455
"68","9","E1","B1 0","B1","0% Con","inc",510.916666666667
"69","9","E1","B1 0","B2","100% Con","con",420.909090909091
"70","9","E1","B1 0","B2","100% Con","inc",510.5
"71","9","E1","B1 0","B2","0% Con","con",482.416666666667
"72","9","E1","B1 0","B2","0% Con","inc",517.9
"73","10","E1","B1 0","B1","100% Con","con",551.7
"74","10","E1","B1 0","B1","100% Con","inc",682.666666666667
"75","10","E1","B1 0","B1","0% Con","con",551.181818181818
"76","10","E1","B1 0","B1","0% Con","inc",615.818181818182
"77","10","E1","B1 0","B2","100% Con","con",507.818181818182
"78","10","E1","B1 0","B2","100% Con","inc",688.888888888889
"79","10","E1","B1 0","B2","0% Con","con",543.4
"80","10","E1","B1 0","B2","0% Con","inc",743.363636363636
"81","11","E1","B1 0","B1","100% Con","con",499.272727272727
"82","11","E1","B1 0","B1","100% Con","inc",589
"83","11","E1","B1 0","B1","0% Con","con",574.636363636364
"84","11","E1","B1 0","B1","0% Con","inc",563.1
"85","11","E1","B1 0","B2","100% Con","con",450.333333333333
"86","11","E1","B1 0","B2","100% Con","inc",547.090909090909
"87","11","E1","B1 0","B2","0% Con","con",510.166666666667
"88","11","E1","B1 0","B2","0% Con","inc",536.272727272727
"89","12","E1","B1 0","B1","100% Con","con",633.833333333333
"90","12","E1","B1 0","B1","100% Con","inc",785.916666666667
"91","12","E1","B1 0","B1","0% Con","con",646.727272727273
"92","12","E1","B1 0","B1","0% Con","inc",723.916666666667
"93","12","E1","B1 0","B2","100% Con","con",1284.63636363636
"94","12","E1","B1 0","B2","100% Con","inc",1580.90909090909
"95","12","E1","B1 0","B2","0% Con","con",615.090909090909
"96","12","E1","B1 0","B2","0% Con","inc",660.818181818182
"97","15","E1","B1 0","B1","100% Con","con",505.090909090909
"98","15","E1","B1 0","B1","100% Con","inc",563.333333333333
"99","15","E1","B1 0","B1","0% Con","con",569.833333333333
"100","15","E1","B1 0","B1","0% Con","inc",522.25
"101","15","E1","B1 0","B2","100% Con","con",514.25
"102","15","E1","B1 0","B2","100% Con","inc",544.6
"103","15","E1","B1 0","B2","0% Con","con",464.181818181818
"104","15","E1","B1 0","B2","0% Con","inc",510.25
"105","16","E1","B1 0","B1","100% Con","con",640.666666666667
"106","16","E1","B1 0","B1","100% Con","inc",632.272727272727
"107","16","E1","B1 0","B1","0% Con","con",645.666666666667
"108","16","E1","B1 0","B1","0% Con","inc",632.75
"109","16","E1","B1 0","B2","100% Con","con",595.333333333333
"110","16","E1","B1 0","B2","100% Con","inc",648.363636363636
"111","16","E1","B1 0","B2","0% Con","con",636.75
"112","16","E1","B1 0","B2","0% Con","inc",614.363636363636
"113","17","E1","B1 100","B1","100% Con","con",395.727272727273
"114","17","E1","B1 100","B1","100% Con","inc",465.3
"115","17","E1","B1 100","B1","0% Con","con",348.272727272727
"116","17","E1","B1 100","B1","0% Con","inc",440.333333333333
"117","17","E1","B1 100","B2","100% Con","con",380.5
"118","17","E1","B1 100","B2","100% Con","inc",424.272727272727
"119","17","E1","B1 100","B2","0% Con","con",354.833333333333
"120","17","E1","B1 100","B2","0% Con","inc",422
"121","19","E1","B1 0","B1","100% Con","con",617.818181818182
"122","19","E1","B1 0","B1","100% Con","inc",583
"123","19","E1","B1 0","B1","0% Con","con",597.75
"124","19","E1","B1 0","B1","0% Con","inc",672.636363636364
"125","19","E1","B1 0","B2","100% Con","con",518.636363636364
"126","19","E1","B1 0","B2","100% Con","inc",616.916666666667
"127","19","E1","B1 0","B2","0% Con","con",574.166666666667
"128","19","E1","B1 0","B2","0% Con","inc",566.363636363636
"129","20","E1","B1 100","B1","100% Con","con",563.583333333333
"130","20","E1","B1 100","B1","100% Con","inc",800.416666666667
"131","20","E1","B1 100","B1","0% Con","con",627.909090909091
"132","20","E1","B1 100","B1","0% Con","inc",630.75
"133","20","E1","B1 100","B2","100% Con","con",471.333333333333
"134","20","E1","B1 100","B2","100% Con","inc",502.363636363636
"135","20","E1","B1 100","B2","0% Con","con",554.727272727273
"136","20","E1","B1 100","B2","0% Con","inc",558.2
"137","21","E1","B1 0","B1","100% Con","con",615.416666666667
"138","21","E1","B1 0","B1","100% Con","inc",711.083333333333
"139","21","E1","B1 0","B1","0% Con","con",592.090909090909
"140","21","E1","B1 0","B1","0% Con","inc",672
"141","21","E1","B1 0","B2","100% Con","con",586.181818181818
"142","21","E1","B1 0","B2","100% Con","inc",788.3
"143","21","E1","B1 0","B2","0% Con","con",581.75
"144","21","E1","B1 0","B2","0% Con","inc",623.636363636364
"145","22","E1","B1 100","B1","100% Con","con",531
"146","22","E1","B1 100","B1","100% Con","inc",604.090909090909
"147","22","E1","B1 100","B1","0% Con","con",550.916666666667
"148","22","E1","B1 100","B1","0% Con","inc",706.5
"149","22","E1","B1 100","B2","100% Con","con",585.363636363636
"150","22","E1","B1 100","B2","100% Con","inc",596.5
"151","22","E1","B1 100","B2","0% Con","con",581.833333333333
"152","22","E1","B1 100","B2","0% Con","inc",773.363636363636
"153","23","E1","B1 0","B1","100% Con","con",723
"154","23","E1","B1 0","B1","100% Con","inc",780.2
"155","23","E1","B1 0","B1","0% Con","con",628.916666666667
"156","23","E1","B1 0","B1","0% Con","inc",674.545454545455
"157","23","E1","B1 0","B2","100% Con","con",644.916666666667
"158","23","E1","B1 0","B2","100% Con","inc",711.416666666667
"159","23","E1","B1 0","B2","0% Con","con",570
"160","23","E1","B1 0","B2","0% Con","inc",743.833333333333
"161","24","E1","B1 0","B1","100% Con","con",533
"162","24","E1","B1 0","B1","100% Con","inc",620.166666666667
"163","24","E1","B1 0","B1","0% Con","con",600.5
"164","24","E1","B1 0","B1","0% Con","inc",634.083333333333
"165","24","E1","B1 0","B2","100% Con","con",575
"166","24","E1","B1 0","B2","100% Con","inc",605.7
"167","24","E1","B1 0","B2","0% Con","con",512.636363636364
"168","24","E1","B1 0","B2","0% Con","inc",543.9
"169","25","E1","B1 100","B1","100% Con","con",476.909090909091
"170","25","E1","B1 100","B1","100% Con","inc",494.727272727273
"171","25","E1","B1 100","B1","0% Con","con",474.363636363636
"172","25","E1","B1 100","B1","0% Con","inc",501.75
"173","25","E1","B1 100","B2","100% Con","con",453.916666666667
"174","25","E1","B1 100","B2","100% Con","inc",509.090909090909
"175","25","E1","B1 100","B2","0% Con","con",467.833333333333
"176","25","E1","B1 100","B2","0% Con","inc",488.181818181818
"177","26","E1","B1 100","B1","100% Con","con",399.909090909091
"178","26","E1","B1 100","B1","100% Con","inc",468.454545454545
"179","26","E1","B1 100","B1","0% Con","con",439.583333333333
"180","26","E1","B1 100","B1","0% Con","inc",543.166666666667
"181","26","E1","B1 100","B2","100% Con","con",453.75
"182","26","E1","B1 100","B2","100% Con","inc",565.333333333333
"183","26","E1","B1 100","B2","0% Con","con",488.090909090909
"184","26","E1","B1 100","B2","0% Con","inc",527.666666666667
"185","27","E1","B1 0","B1","100% Con","con",539.166666666667
"186","27","E1","B1 0","B1","100% Con","inc",552.545454545455
"187","27","E1","B1 0","B1","0% Con","con",523.9
"188","27","E1","B1 0","B1","0% Con","inc",560.9
"189","27","E1","B1 0","B2","100% Con","con",481.416666666667
"190","27","E1","B1 0","B2","100% Con","inc",571.727272727273
"191","27","E1","B1 0","B2","0% Con","con",485.454545454545
"192","27","E1","B1 0","B2","0% Con","inc",562.636363636364
"193","28","E1","B1 100","B1","100% Con","con",914.181818181818
"194","28","E1","B1 100","B1","100% Con","inc",913.454545454545
"195","28","E1","B1 100","B1","0% Con","con",1041.16666666667
"196","28","E1","B1 100","B1","0% Con","inc",815.416666666667
"197","28","E1","B1 100","B2","100% Con","con",904
"198","28","E1","B1 100","B2","100% Con","inc",864.5
"199","28","E1","B1 100","B2","0% Con","con",695.727272727273
"200","28","E1","B1 100","B2","0% Con","inc",821.25
"201","29","E1","B1 0","B1","100% Con","con",579.4
"202","29","E1","B1 0","B1","100% Con","inc",630.181818181818
"203","29","E1","B1 0","B1","0% Con","con",658.5
"204","29","E1","B1 0","B1","0% Con","inc",672
"205","29","E1","B1 0","B2","100% Con","con",547.25
"206","29","E1","B1 0","B2","100% Con","inc",655.666666666667
"207","29","E1","B1 0","B2","0% Con","con",533.75
"208","29","E1","B1 0","B2","0% Con","inc",646
"209","30","E1","B1 100","B1","100% Con","con",691.363636363636
"210","30","E1","B1 100","B1","100% Con","inc",787.333333333333
"211","30","E1","B1 100","B1","0% Con","con",709.75
"212","30","E1","B1 100","B1","0% Con","inc",722
"213","30","E1","B1 100","B2","100% Con","con",651.5
"214","30","E1","B1 100","B2","100% Con","inc",705.7
"215","30","E1","B1 100","B2","0% Con","con",673.666666666667
"216","30","E1","B1 100","B2","0% Con","inc",692.5
"217","31","E1","B1 100","B1","100% Con","con",722.818181818182
"218","31","E1","B1 100","B1","100% Con","inc",862.166666666667
"219","31","E1","B1 100","B1","0% Con","con",685.25
"220","31","E1","B1 100","B1","0% Con","inc",719.181818181818
"221","31","E1","B1 100","B2","100% Con","con",684.666666666667
"222","31","E1","B1 100","B2","100% Con","inc",820.909090909091
"223","31","E1","B1 100","B2","0% Con","con",640.181818181818
"224","31","E1","B1 100","B2","0% Con","inc",696.272727272727
"225","32","E1","B1 100","B1","100% Con","con",625.583333333333
"226","32","E1","B1 100","B1","100% Con","inc",672.363636363636
"227","32","E1","B1 100","B1","0% Con","con",660
"228","32","E1","B1 100","B1","0% Con","inc",766.666666666667
"229","32","E1","B1 100","B2","100% Con","con",724.166666666667
"230","32","E1","B1 100","B2","100% Con","inc",785.3
"231","32","E1","B1 100","B2","0% Con","con",813.666666666667
"232","32","E1","B1 100","B2","0% Con","inc",760.166666666667
"233","33","E1","B1 100","B1","100% Con","con",774.9
"234","33","E1","B1 100","B1","100% Con","inc",660.222222222222
"235","33","E1","B1 100","B1","0% Con","con",600.916666666667
"236","33","E1","B1 100","B1","0% Con","inc",659.25
"237","33","E1","B1 100","B2","100% Con","con",526.909090909091
"238","33","E1","B1 100","B2","100% Con","inc",584.090909090909
"239","33","E1","B1 100","B2","0% Con","con",593.083333333333
"240","33","E1","B1 100","B2","0% Con","inc",629.181818181818
"241","34","E1","B1 0","B1","100% Con","con",1349
"242","34","E1","B1 0","B1","100% Con","inc",1617.72727272727
"243","34","E1","B1 0","B1","0% Con","con",900.545454545455
"244","34","E1","B1 0","B1","0% Con","inc",1180.75
"245","34","E1","B1 0","B2","100% Con","con",1002.27272727273
"246","34","E1","B1 0","B2","100% Con","inc",1370
"247","34","E1","B1 0","B2","0% Con","con",870.583333333333
"248","34","E1","B1 0","B2","0% Con","inc",912.444444444444
"249","36","E1","B1 100","B1","100% Con","con",844.363636363636
"250","36","E1","B1 100","B1","100% Con","inc",1009.18181818182
"251","36","E1","B1 100","B1","0% Con","con",801.272727272727
"252","36","E1","B1 100","B1","0% Con","inc",848.6
"253","36","E1","B1 100","B2","100% Con","con",846.9
"254","36","E1","B1 100","B2","100% Con","inc",788.545454545455
"255","36","E1","B1 100","B2","0% Con","con",694.636363636364
"256","36","E1","B1 100","B2","0% Con","inc",758.363636363636
"257","37","E1","B1 0","B1","100% Con","con",438.272727272727
"258","37","E1","B1 0","B1","100% Con","inc",496.833333333333
"259","37","E1","B1 0","B1","0% Con","con",436.181818181818
"260","37","E1","B1 0","B1","0% Con","inc",496.25
"261","37","E1","B1 0","B2","100% Con","con",447.363636363636
"262","37","E1","B1 0","B2","100% Con","inc",543.5
"263","37","E1","B1 0","B2","0% Con","con",421.916666666667
"264","37","E1","B1 0","B2","0% Con","inc",534.166666666667
"265","38","E1","B1 0","B1","100% Con","con",478.727272727273
"266","38","E1","B1 0","B1","100% Con","inc",554.181818181818
"267","38","E1","B1 0","B1","0% Con","con",846
"268","38","E1","B1 0","B1","0% Con","inc",662.272727272727
"269","38","E1","B1 0","B2","100% Con","con",468
"270","38","E1","B1 0","B2","100% Con","inc",529.3
"271","38","E1","B1 0","B2","0% Con","con",636.916666666667
"272","38","E1","B1 0","B2","0% Con","inc",600.636363636364
"273","39","E1","B1 100","B1","100% Con","con",580
"274","39","E1","B1 100","B1","100% Con","inc",585
"275","39","E1","B1 100","B1","0% Con","con",535.272727272727
"276","39","E1","B1 100","B1","0% Con","inc",687.3
"277","39","E1","B1 100","B2","100% Con","con",474.818181818182
"278","39","E1","B1 100","B2","100% Con","inc",591.545454545455
"279","39","E1","B1 100","B2","0% Con","con",542.083333333333
"280","39","E1","B1 100","B2","0% Con","inc",593.181818181818
"281","40","E1","B1 100","B1","100% Con","con",475
"282","40","E1","B1 100","B1","100% Con","inc",519.363636363636
"283","40","E1","B1 100","B1","0% Con","con",502.727272727273
"284","40","E1","B1 100","B1","0% Con","inc",591.916666666667
"285","40","E1","B1 100","B2","100% Con","con",524.363636363636
"286","40","E1","B1 100","B2","100% Con","inc",599
"287","40","E1","B1 100","B2","0% Con","con",487.666666666667
"288","40","E1","B1 100","B2","0% Con","inc",594.636363636364
"289","41","E1","B1 100","B1","100% Con","con",586.181818181818
"290","41","E1","B1 100","B1","100% Con","inc",808.833333333333
"291","41","E1","B1 100","B1","0% Con","con",567.818181818182
"292","41","E1","B1 100","B1","0% Con","inc",716.833333333333
"293","41","E1","B1 100","B2","100% Con","con",524.5
"294","41","E1","B1 100","B2","100% Con","inc",740.181818181818
"295","41","E1","B1 100","B2","0% Con","con",550.363636363636
"296","41","E1","B1 100","B2","0% Con","inc",633.333333333333
"297","42","E1","B1 100","B1","100% Con","con",485.5
"298","42","E1","B1 100","B1","100% Con","inc",564.5
"299","42","E1","B1 100","B1","0% Con","con",579.333333333333
"300","42","E1","B1 100","B1","0% Con","inc",751.636363636364
"301","42","E1","B1 100","B2","100% Con","con",565.333333333333
"302","42","E1","B1 100","B2","100% Con","inc",612.083333333333
"303","42","E1","B1 100","B2","0% Con","con",786.545454545455
"304","42","E1","B1 100","B2","0% Con","inc",838.9
"305","43","E1","B1 100","B1","100% Con","con",772.636363636364
"306","43","E1","B1 100","B1","100% Con","inc",866.272727272727
"307","43","E1","B1 100","B1","0% Con","con",736.416666666667
"308","43","E1","B1 100","B1","0% Con","inc",716
"309","43","E1","B1 100","B2","100% Con","con",660.363636363636
"310","43","E1","B1 100","B2","100% Con","inc",771.090909090909
"311","43","E1","B1 100","B2","0% Con","con",736.909090909091
"312","43","E1","B1 100","B2","0% Con","inc",748.333333333333
"313","44","E1","B1 0","B1","100% Con","con",441.666666666667
"314","44","E1","B1 0","B1","100% Con","inc",514.8
"315","44","E1","B1 0","B1","0% Con","con",497
"316","44","E1","B1 0","B1","0% Con","inc",613.454545454545
"317","44","E1","B1 0","B2","100% Con","con",462.916666666667
"318","44","E1","B1 0","B2","100% Con","inc",546.166666666667
"319","44","E1","B1 0","B2","0% Con","con",456
"320","44","E1","B1 0","B2","0% Con","inc",547.5
"321","45","E1","B1 0","B1","100% Con","con",730.181818181818
"322","45","E1","B1 0","B1","100% Con","inc",916.916666666667
"323","45","E1","B1 0","B1","0% Con","con",695.818181818182
"324","45","E1","B1 0","B1","0% Con","inc",755.363636363636
"325","45","E1","B1 0","B2","100% Con","con",760.545454545455
"326","45","E1","B1 0","B2","100% Con","inc",895.333333333333
"327","45","E1","B1 0","B2","0% Con","con",767.5
"328","45","E1","B1 0","B2","0% Con","inc",747.666666666667
"329","46","E1","B1 0","B1","100% Con","con",510.727272727273
"330","46","E1","B1 0","B1","100% Con","inc",582.3
"331","46","E1","B1 0","B1","0% Con","con",615.5
"332","46","E1","B1 0","B1","0% Con","inc",713
"333","46","E1","B1 0","B2","100% Con","con",554.636363636364
"334","46","E1","B1 0","B2","100% Con","inc",678.333333333333
"335","46","E1","B1 0","B2","0% Con","con",532.166666666667
"336","46","E1","B1 0","B2","0% Con","inc",647.454545454545
"337","48","E1","B1 0","B1","100% Con","con",564.333333333333
"338","48","E1","B1 0","B1","100% Con","inc",652.7
"339","48","E1","B1 0","B1","0% Con","con",495.545454545455
"340","48","E1","B1 0","B1","0% Con","inc",749.111111111111
"341","48","E1","B1 0","B2","100% Con","con",563.166666666667
"342","48","E1","B1 0","B2","100% Con","inc",547.7
"343","48","E1","B1 0","B2","0% Con","con",547.818181818182
"344","48","E1","B1 0","B2","0% Con","inc",862
"345","49","E1","B1 100","B1","100% Con","con",626.416666666667
"346","49","E1","B1 100","B1","100% Con","inc",677.5
"347","49","E1","B1 100","B1","0% Con","con",629.416666666667
"348","49","E1","B1 100","B1","0% Con","inc",820.583333333333
"349","49","E1","B1 100","B2","100% Con","con",542.333333333333
"350","49","E1","B1 100","B2","100% Con","inc",649.916666666667
"351","49","E1","B1 100","B2","0% Con","con",558.916666666667
"352","49","E1","B1 100","B2","0% Con","inc",587.454545454545
"353","50","E1","B1 0","B1","100% Con","con",535.545454545455
"354","50","E1","B1 0","B1","100% Con","inc",851.090909090909
"355","50","E1","B1 0","B1","0% Con","con",588
"356","50","E1","B1 0","B1","0% Con","inc",685
"357","50","E1","B1 0","B2","100% Con","con",556.916666666667
"358","50","E1","B1 0","B2","100% Con","inc",688.083333333333
"359","50","E1","B1 0","B2","0% Con","con",546.090909090909
"360","50","E1","B1 0","B2","0% Con","inc",684.090909090909
"361","60","E2","B1 100","B1","100% Con","con",559.416666666667
"362","60","E2","B1 100","B1","100% Con","inc",643.181818181818
"363","60","E2","B1 100","B1","0% Con","con",594.545454545455
"364","60","E2","B1 100","B1","0% Con","inc",643.833333333333
"365","60","E2","B1 100","B2","100% Con","con",497.181818181818
"366","60","E2","B1 100","B2","100% Con","inc",654.333333333333
"367","60","E2","B1 100","B2","0% Con","con",593.75
"368","60","E2","B1 100","B2","0% Con","inc",647.916666666667
"369","61","E2","B1 100","B1","100% Con","con",438.090909090909
"370","61","E2","B1 100","B1","100% Con","inc",654.083333333333
"371","61","E2","B1 100","B1","0% Con","con",555.916666666667
"372","61","E2","B1 100","B1","0% Con","inc",538
"373","61","E2","B1 100","B2","100% Con","con",452.636363636364
"374","61","E2","B1 100","B2","100% Con","inc",520.181818181818
"375","61","E2","B1 100","B2","0% Con","con",455.25
"376","61","E2","B1 100","B2","0% Con","inc",536.5
"377","62","E2","B1 100","B1","100% Con","con",717.636363636364
"378","62","E2","B1 100","B1","100% Con","inc",783.5
"379","62","E2","B1 100","B1","0% Con","con",653.75
"380","62","E2","B1 100","B1","0% Con","inc",715.909090909091
"381","62","E2","B1 100","B2","100% Con","con",617.833333333333
"382","62","E2","B1 100","B2","100% Con","inc",696.090909090909
"383","62","E2","B1 100","B2","0% Con","con",558.363636363636
"384","62","E2","B1 100","B2","0% Con","inc",707
"385","63","E2","B1 100","B1","100% Con","con",834.454545454545
"386","63","E2","B1 100","B1","100% Con","inc",911.666666666667
"387","63","E2","B1 100","B1","0% Con","con",878.916666666667
"388","63","E2","B1 100","B1","0% Con","inc",915.5
"389","63","E2","B1 100","B2","100% Con","con",805.454545454545
"390","63","E2","B1 100","B2","100% Con","inc",923.666666666667
"391","63","E2","B1 100","B2","0% Con","con",830.727272727273
"392","63","E2","B1 100","B2","0% Con","inc",990.25
"393","64","E2","B1 0","B1","100% Con","con",418
"394","64","E2","B1 0","B1","100% Con","inc",532.333333333333
"395","64","E2","B1 0","B1","0% Con","con",425.416666666667
"396","64","E2","B1 0","B1","0% Con","inc",486.333333333333
"397","64","E2","B1 0","B2","100% Con","con",441.090909090909
"398","64","E2","B1 0","B2","100% Con","inc",480.8
"399","64","E2","B1 0","B2","0% Con","con",406
"400","64","E2","B1 0","B2","0% Con","inc",485.181818181818
"401","65","E2","B1 0","B1","100% Con","con",560.3
"402","65","E2","B1 0","B1","100% Con","inc",693.909090909091
"403","65","E2","B1 0","B1","0% Con","con",642.5
"404","65","E2","B1 0","B1","0% Con","inc",739
"405","65","E2","B1 0","B2","100% Con","con",572.727272727273
"406","65","E2","B1 0","B2","100% Con","inc",740.1
"407","65","E2","B1 0","B2","0% Con","con",537.545454545455
"408","65","E2","B1 0","B2","0% Con","inc",667.636363636364
"409","66","E2","B1 0","B1","100% Con","con",371.545454545455
"410","66","E2","B1 0","B1","100% Con","inc",487.555555555556
"411","66","E2","B1 0","B1","0% Con","con",436.454545454545
"412","66","E2","B1 0","B1","0% Con","inc",462.5
"413","66","E2","B1 0","B2","100% Con","con",377.833333333333
"414","66","E2","B1 0","B2","100% Con","inc",447.428571428571
"415","66","E2","B1 0","B2","0% Con","con",369.916666666667
"416","66","E2","B1 0","B2","0% Con","inc",440.7
"417","67","E2","B1 0","B1","100% Con","con",860.333333333333
"418","67","E2","B1 0","B1","100% Con","inc",1155.27272727273
"419","67","E2","B1 0","B1","0% Con","con",860.909090909091
"420","67","E2","B1 0","B1","0% Con","inc",1103.91666666667
"421","67","E2","B1 0","B2","100% Con","con",810.272727272727
"422","67","E2","B1 0","B2","100% Con","inc",1146
"423","67","E2","B1 0","B2","0% Con","con",694.272727272727
"424","67","E2","B1 0","B2","0% Con","inc",1004.08333333333
"425","68","E2","B1 100","B1","100% Con","con",462.363636363636
"426","68","E2","B1 100","B1","100% Con","inc",527.727272727273
"427","68","E2","B1 100","B1","0% Con","con",528.181818181818
"428","68","E2","B1 100","B1","0% Con","inc",586.818181818182
"429","68","E2","B1 100","B2","100% Con","con",527.363636363636
"430","68","E2","B1 100","B2","100% Con","inc",570.454545454545
"431","68","E2","B1 100","B2","0% Con","con",517.25
"432","68","E2","B1 100","B2","0% Con","inc",547.5
"433","69","E2","B1 100","B1","100% Con","con",618.818181818182
"434","69","E2","B1 100","B1","100% Con","inc",736.4
"435","69","E2","B1 100","B1","0% Con","con",679.454545454545
"436","69","E2","B1 100","B1","0% Con","inc",803.75
"437","69","E2","B1 100","B2","100% Con","con",632.833333333333
"438","69","E2","B1 100","B2","100% Con","inc",777.363636363636
"439","69","E2","B1 100","B2","0% Con","con",716.083333333333
"440","69","E2","B1 100","B2","0% Con","inc",820.583333333333
"441","70","E2","B1 0","B1","100% Con","con",412.25
"442","70","E2","B1 0","B1","100% Con","inc",498.9
"443","70","E2","B1 0","B1","0% Con","con",741.2
"444","70","E2","B1 0","B1","0% Con","inc",765.444444444444
"445","70","E2","B1 0","B2","100% Con","con",425.181818181818
"446","70","E2","B1 0","B2","100% Con","inc",518.625
"447","70","E2","B1 0","B2","0% Con","con",434.25
"448","70","E2","B1 0","B2","0% Con","inc",495.363636363636
"449","71","E2","B1 0","B1","100% Con","con",653.833333333333
"450","71","E2","B1 0","B1","100% Con","inc",1121.81818181818
"451","71","E2","B1 0","B1","0% Con","con",1243.28571428571
"452","71","E2","B1 0","B1","0% Con","inc",1040.375
"453","71","E2","B1 0","B2","100% Con","con",696.333333333333
"454","71","E2","B1 0","B2","100% Con","inc",854.333333333333
"455","71","E2","B1 0","B2","0% Con","con",766.916666666667
"456","71","E2","B1 0","B2","0% Con","inc",988.818181818182
"457","73","E2","B1 100","B1","100% Con","con",523.090909090909
"458","73","E2","B1 100","B1","100% Con","inc",577
"459","73","E2","B1 100","B1","0% Con","con",578.666666666667
"460","73","E2","B1 100","B1","0% Con","inc",591.545454545455
"461","73","E2","B1 100","B2","100% Con","con",494.363636363636
"462","73","E2","B1 100","B2","100% Con","inc",624.090909090909
"463","73","E2","B1 100","B2","0% Con","con",479.666666666667
"464","73","E2","B1 100","B2","0% Con","inc",611.583333333333
"465","74","E2","B1 0","B1","100% Con","con",550.333333333333
"466","74","E2","B1 0","B1","100% Con","inc",702.454545454545
"467","74","E2","B1 0","B1","0% Con","con",652.090909090909
"468","74","E2","B1 0","B1","0% Con","inc",742
"469","74","E2","B1 0","B2","100% Con","con",543.181818181818
"470","74","E2","B1 0","B2","100% Con","inc",728.666666666667
"471","74","E2","B1 0","B2","0% Con","con",559.166666666667
"472","74","E2","B1 0","B2","0% Con","inc",693.416666666667
"473","75","E2","B1 0","B1","100% Con","con",459.5
"474","75","E2","B1 0","B1","100% Con","inc",638.6
"475","75","E2","B1 0","B1","0% Con","con",538.363636363636
"476","75","E2","B1 0","B1","0% Con","inc",675.818181818182
"477","75","E2","B1 0","B2","100% Con","con",483
"478","75","E2","B1 0","B2","100% Con","inc",557.272727272727
"479","75","E2","B1 0","B2","0% Con","con",476.25
"480","75","E2","B1 0","B2","0% Con","inc",604.3
"481","76","E2","B1 100","B1","100% Con","con",713.181818181818
"482","76","E2","B1 100","B1","100% Con","inc",762.25
"483","76","E2","B1 100","B1","0% Con","con",713.727272727273
"484","76","E2","B1 100","B1","0% Con","inc",693
"485","76","E2","B1 100","B2","100% Con","con",522.272727272727
"486","76","E2","B1 100","B2","100% Con","inc",534.363636363636
"487","76","E2","B1 100","B2","0% Con","con",526.166666666667
"488","76","E2","B1 100","B2","0% Con","inc",601.2
"489","77","E2","B1 100","B1","100% Con","con",888
"490","77","E2","B1 100","B1","100% Con","inc",1047.54545454545
"491","77","E2","B1 100","B1","0% Con","con",868.916666666667
"492","77","E2","B1 100","B1","0% Con","inc",978.375
"493","77","E2","B1 100","B2","100% Con","con",952.909090909091
"494","77","E2","B1 100","B2","100% Con","inc",1139
"495","77","E2","B1 100","B2","0% Con","con",839.3
"496","77","E2","B1 100","B2","0% Con","inc",919.5
"497","78","E2","B1 100","B1","100% Con","con",605.636363636364
"498","78","E2","B1 100","B1","100% Con","inc",679.181818181818
"499","78","E2","B1 100","B1","0% Con","con",628.75
"500","78","E2","B1 100","B1","0% Con","inc",735.909090909091
"501","78","E2","B1 100","B2","100% Con","con",545.545454545455
"502","78","E2","B1 100","B2","100% Con","inc",673.545454545455
"503","78","E2","B1 100","B2","0% Con","con",576.909090909091
"504","78","E2","B1 100","B2","0% Con","inc",650.5
"505","79","E2","B1 100","B1","100% Con","con",595.083333333333
"506","79","E2","B1 100","B1","100% Con","inc",647.875
"507","79","E2","B1 100","B1","0% Con","con",538.583333333333
"508","79","E2","B1 100","B1","0% Con","inc",668.222222222222
"509","79","E2","B1 100","B2","100% Con","con",523.666666666667
"510","79","E2","B1 100","B2","100% Con","inc",670.8
"511","79","E2","B1 100","B2","0% Con","con",518.583333333333
"512","79","E2","B1 100","B2","0% Con","inc",625.125
"513","80","E2","B1 100","B1","100% Con","con",891
"514","80","E2","B1 100","B1","100% Con","inc",924.1
"515","80","E2","B1 100","B1","0% Con","con",771.818181818182
"516","80","E2","B1 100","B1","0% Con","inc",856.090909090909
"517","80","E2","B1 100","B2","100% Con","con",844.363636363636
"518","80","E2","B1 100","B2","100% Con","inc",934.25
"519","80","E2","B1 100","B2","0% Con","con",696.909090909091
"520","80","E2","B1 100","B2","0% Con","inc",740.5
"521","81","E2","B1 100","B1","100% Con","con",953.416666666667
"522","81","E2","B1 100","B1","100% Con","inc",887.4
"523","81","E2","B1 100","B1","0% Con","con",713.636363636364
"524","81","E2","B1 100","B1","0% Con","inc",688.666666666667
"525","81","E2","B1 100","B2","100% Con","con",628.454545454545
"526","81","E2","B1 100","B2","100% Con","inc",695.285714285714
"527","81","E2","B1 100","B2","0% Con","con",673.636363636364
"528","81","E2","B1 100","B2","0% Con","inc",803.333333333333
"529","82","E2","B1 0","B1","100% Con","con",498.818181818182
"530","82","E2","B1 0","B1","100% Con","inc",599
"531","82","E2","B1 0","B1","0% Con","con",496.833333333333
"532","82","E2","B1 0","B1","0% Con","inc",558.333333333333
"533","82","E2","B1 0","B2","100% Con","con",513.416666666667
"534","82","E2","B1 0","B2","100% Con","inc",687.454545454545
"535","82","E2","B1 0","B2","0% Con","con",567.333333333333
"536","82","E2","B1 0","B2","0% Con","inc",597.833333333333
"537","83","E2","B1 100","B1","100% Con","con",571.363636363636
"538","83","E2","B1 100","B1","100% Con","inc",581
"539","83","E2","B1 100","B1","0% Con","con",526.909090909091
"540","83","E2","B1 100","B1","0% Con","inc",598.454545454545
"541","83","E2","B1 100","B2","100% Con","con",530.272727272727
"542","83","E2","B1 100","B2","100% Con","inc",603.727272727273
"543","83","E2","B1 100","B2","0% Con","con",549.75
"544","83","E2","B1 100","B2","0% Con","inc",688
"545","85","E2","B1 0","B1","100% Con","con",506.5
"546","85","E2","B1 0","B1","100% Con","inc",512.090909090909
"547","85","E2","B1 0","B1","0% Con","con",459.75
"548","85","E2","B1 0","B1","0% Con","inc",511.363636363636
"549","85","E2","B1 0","B2","100% Con","con",464.916666666667
"550","85","E2","B1 0","B2","100% Con","inc",550.666666666667
"551","85","E2","B1 0","B2","0% Con","con",524.090909090909
"552","85","E2","B1 0","B2","0% Con","inc",636.2
"553","86","E2","B1 100","B1","100% Con","con",592
"554","86","E2","B1 100","B1","100% Con","inc",641.818181818182
"555","86","E2","B1 100","B1","0% Con","con",603.583333333333
"556","86","E2","B1 100","B1","0% Con","inc",727.916666666667
"557","86","E2","B1 100","B2","100% Con","con",568.454545454545
"558","86","E2","B1 100","B2","100% Con","inc",717.1
"559","86","E2","B1 100","B2","0% Con","con",683.333333333333
"560","86","E2","B1 100","B2","0% Con","inc",668.090909090909
"561","89","E2","B1 100","B1","100% Con","con",430.166666666667
"562","89","E2","B1 100","B1","100% Con","inc",486.75
"563","89","E2","B1 100","B1","0% Con","con",433.818181818182
"564","89","E2","B1 100","B1","0% Con","inc",509.4
"565","89","E2","B1 100","B2","100% Con","con",424.454545454545
"566","89","E2","B1 100","B2","100% Con","inc",472.6
"567","89","E2","B1 100","B2","0% Con","con",408.583333333333
"568","89","E2","B1 100","B2","0% Con","inc",481
"569","90","E2","B1 0","B1","100% Con","con",641.083333333333
"570","90","E2","B1 0","B1","100% Con","inc",718.727272727273
"571","90","E2","B1 0","B1","0% Con","con",703
"572","90","E2","B1 0","B1","0% Con","inc",738.416666666667
"573","90","E2","B1 0","B2","100% Con","con",631.272727272727
"574","90","E2","B1 0","B2","100% Con","inc",739.181818181818
"575","90","E2","B1 0","B2","0% Con","con",601.666666666667
"576","90","E2","B1 0","B2","0% Con","inc",656.090909090909
"577","91","E2","B1 0","B1","100% Con","con",575.75
"578","91","E2","B1 0","B1","100% Con","inc",654.181818181818
"579","91","E2","B1 0","B1","0% Con","con",595.583333333333
"580","91","E2","B1 0","B1","0% Con","inc",602.75
"581","91","E2","B1 0","B2","100% Con","con",487.727272727273
"582","91","E2","B1 0","B2","100% Con","inc",587.727272727273
"583","91","E2","B1 0","B2","0% Con","con",536.083333333333
"584","91","E2","B1 0","B2","0% Con","inc",546.666666666667
"585","92","E2","B1 100","B1","100% Con","con",928.25
"586","92","E2","B1 100","B1","100% Con","inc",1192.75
"587","92","E2","B1 100","B1","0% Con","con",968.083333333333
"588","92","E2","B1 100","B1","0% Con","inc",1220.36363636364
"589","92","E2","B1 100","B2","100% Con","con",782.090909090909
"590","92","E2","B1 100","B2","100% Con","inc",1119.6
"591","92","E2","B1 100","B2","0% Con","con",926.909090909091
"592","92","E2","B1 100","B2","0% Con","inc",1361.58333333333
"593","93","E2","B1 0","B1","100% Con","con",638.916666666667
"594","93","E2","B1 0","B1","100% Con","inc",823.333333333333
"595","93","E2","B1 0","B1","0% Con","con",683.916666666667
"596","93","E2","B1 0","B1","0% Con","inc",762.363636363636
"597","93","E2","B1 0","B2","100% Con","con",601.545454545455
"598","93","E2","B1 0","B2","100% Con","inc",632.375
"599","93","E2","B1 0","B2","0% Con","con",594.272727272727
"600","93","E2","B1 0","B2","0% Con","inc",688.727272727273
"601","96","E2","B1 0","B1","100% Con","con",597.416666666667
"602","96","E2","B1 0","B1","100% Con","inc",736.916666666667
"603","96","E2","B1 0","B1","0% Con","con",683.090909090909
"604","96","E2","B1 0","B1","0% Con","inc",738.3
"605","96","E2","B1 0","B2","100% Con","con",599.166666666667
"606","96","E2","B1 0","B2","100% Con","inc",689.727272727273
"607","96","E2","B1 0","B2","0% Con","con",659.5
"608","96","E2","B1 0","B2","0% Con","inc",771.5
"609","98","E2","B1 0","B1","100% Con","con",770.583333333333
"610","98","E2","B1 0","B1","100% Con","inc",831.4
"611","98","E2","B1 0","B1","0% Con","con",763.818181818182
"612","98","E2","B1 0","B1","0% Con","inc",853.363636363636
"613","98","E2","B1 0","B2","100% Con","con",574.636363636364
"614","98","E2","B1 0","B2","100% Con","inc",715
"615","98","E2","B1 0","B2","0% Con","con",559.727272727273
"616","98","E2","B1 0","B2","0% Con","inc",722.75
"617","99","E2","B1 100","B1","100% Con","con",920.083333333333
"618","99","E2","B1 100","B1","100% Con","inc",1277.16666666667
"619","99","E2","B1 100","B1","0% Con","con",722.454545454545
"620","99","E2","B1 100","B1","0% Con","inc",923.6
"621","99","E2","B1 100","B2","100% Con","con",746.416666666667
"622","99","E2","B1 100","B2","100% Con","inc",742.9
"623","99","E2","B1 100","B2","0% Con","con",774.909090909091
"624","99","E2","B1 100","B2","0% Con","inc",1004.90909090909
"625","100","E2","B1 0","B1","100% Con","con",700.666666666667
"626","100","E2","B1 0","B1","100% Con","inc",820
"627","100","E2","B1 0","B1","0% Con","con",622.25
"628","100","E2","B1 0","B1","0% Con","inc",724.444444444444
"629","100","E2","B1 0","B2","100% Con","con",848.166666666667
"630","100","E2","B1 0","B2","100% Con","inc",744.875
"631","100","E2","B1 0","B2","0% Con","con",710.090909090909
"632","100","E2","B1 0","B2","0% Con","inc",766.5
"633","101","E2","B1 100","B1","100% Con","con",752.333333333333
"634","101","E2","B1 100","B1","100% Con","inc",838.363636363636
"635","101","E2","B1 100","B1","0% Con","con",728.083333333333
"636","101","E2","B1 100","B1","0% Con","inc",767.2
"637","101","E2","B1 100","B2","100% Con","con",745.75
"638","101","E2","B1 100","B2","100% Con","inc",804.166666666667
"639","101","E2","B1 100","B2","0% Con","con",636.909090909091
"640","101","E2","B1 100","B2","0% Con","inc",664
"641","102","E2","B1 100","B1","100% Con","con",624.1
"642","102","E2","B1 100","B1","100% Con","inc",765.363636363636
"643","102","E2","B1 100","B1","0% Con","con",627.727272727273
"644","102","E2","B1 100","B1","0% Con","inc",780.9
"645","102","E2","B1 100","B2","100% Con","con",651.545454545455
"646","102","E2","B1 100","B2","100% Con","inc",683.416666666667
"647","102","E2","B1 100","B2","0% Con","con",721.333333333333
"648","102","E2","B1 100","B2","0% Con","inc",875.583333333333
"649","103","E2","B1 100","B1","100% Con","con",496.727272727273
"650","103","E2","B1 100","B1","100% Con","inc",595.7
"651","103","E2","B1 100","B1","0% Con","con",524.583333333333
"652","103","E2","B1 100","B1","0% Con","inc",610.9
"653","103","E2","B1 100","B2","100% Con","con",481.181818181818
"654","103","E2","B1 100","B2","100% Con","inc",604.222222222222
"655","103","E2","B1 100","B2","0% Con","con",536.545454545455
"656","103","E2","B1 100","B2","0% Con","inc",653.363636363636
"657","104","E2","B1 100","B1","100% Con","con",564.818181818182
"658","104","E2","B1 100","B1","100% Con","inc",698.181818181818
"659","104","E2","B1 100","B1","0% Con","con",659
"660","104","E2","B1 100","B1","0% Con","inc",682
"661","104","E2","B1 100","B2","100% Con","con",606.181818181818
"662","104","E2","B1 100","B2","100% Con","inc",719.5
"663","104","E2","B1 100","B2","0% Con","con",605.090909090909
"664","104","E2","B1 100","B2","0% Con","inc",720.181818181818
"665","105","E2","B1 0","B1","100% Con","con",662
"666","105","E2","B1 0","B1","100% Con","inc",769.454545454545
"667","105","E2","B1 0","B1","0% Con","con",683.666666666667
"668","105","E2","B1 0","B1","0% Con","inc",701
"669","105","E2","B1 0","B2","100% Con","con",634.727272727273
"670","105","E2","B1 0","B2","100% Con","inc",705.666666666667
"671","105","E2","B1 0","B2","0% Con","con",663.416666666667
"672","105","E2","B1 0","B2","0% Con","inc",690.416666666667
"673","106","E2","B1 0","B1","100% Con","con",523.727272727273
"674","106","E2","B1 0","B1","100% Con","inc",579.545454545455
"675","106","E2","B1 0","B1","0% Con","con",525.916666666667
"676","106","E2","B1 0","B1","0% Con","inc",605.909090909091
"677","106","E2","B1 0","B2","100% Con","con",489.333333333333
"678","106","E2","B1 0","B2","100% Con","inc",619.363636363636
"679","106","E2","B1 0","B2","0% Con","con",516.166666666667
"680","106","E2","B1 0","B2","0% Con","inc",608.583333333333
"681","107","E2","B1 0","B1","100% Con","con",748.5
"682","107","E2","B1 0","B1","100% Con","inc",851.222222222222
"683","107","E2","B1 0","B1","0% Con","con",909
"684","107","E2","B1 0","B1","0% Con","inc",959.454545454545
"685","107","E2","B1 0","B2","100% Con","con",873.583333333333
"686","107","E2","B1 0","B2","100% Con","inc",954.916666666667
"687","107","E2","B1 0","B2","0% Con","con",768.636363636364
"688","107","E2","B1 0","B2","0% Con","inc",990.583333333333
"689","108","E2","B1 0","B1","100% Con","con",508.333333333333
"690","108","E2","B1 0","B1","100% Con","inc",608.5
"691","108","E2","B1 0","B1","0% Con","con",576.090909090909
"692","108","E2","B1 0","B1","0% Con","inc",662.75
"693","108","E2","B1 0","B2","100% Con","con",507
"694","108","E2","B1 0","B2","100% Con","inc",623.583333333333
"695","108","E2","B1 0","B2","0% Con","con",508.909090909091
"696","108","E2","B1 0","B2","0% Con","inc",623.818181818182
"697","110","E2","B1 0","B1","100% Con","con",569.818181818182
"698","110","E2","B1 0","B1","100% Con","inc",733.5
"699","110","E2","B1 0","B1","0% Con","con",782.5
"700","110","E2","B1 0","B1","0% Con","inc",783.75
"701","110","E2","B1 0","B2","100% Con","con",536.272727272727
"702","110","E2","B1 0","B2","100% Con","inc",583.181818181818
"703","110","E2","B1 0","B2","0% Con","con",616.166666666667
"704","110","E2","B1 0","B2","0% Con","inc",670.636363636364
"705","112","E3","B1 100","B1","100% Con","con",620.666666666667
"706","112","E3","B1 100","B1","100% Con","inc",777.090909090909
"707","112","E3","B1 100","B1","0% Con","con",621.909090909091
"708","112","E3","B1 100","B1","0% Con","inc",752.916666666667
"709","112","E3","B1 100","B2","100% Con","con",677.75
"710","112","E3","B1 100","B2","100% Con","inc",836
"711","112","E3","B1 100","B2","0% Con","con",647.25
"712","112","E3","B1 100","B2","0% Con","inc",757.3
"713","113","E3","B1 100","B1","100% Con","con",721.166666666667
"714","113","E3","B1 100","B1","100% Con","inc",756.25
"715","113","E3","B1 100","B1","0% Con","con",846.363636363636
"716","113","E3","B1 100","B1","0% Con","inc",907.5
"717","113","E3","B1 100","B2","100% Con","con",679.666666666667
"718","113","E3","B1 100","B2","100% Con","inc",770.75
"719","113","E3","B1 100","B2","0% Con","con",823.666666666667
"720","113","E3","B1 100","B2","0% Con","inc",918.083333333333
"721","114","E3","B1 0","B1","100% Con","con",595.666666666667
"722","114","E3","B1 0","B1","100% Con","inc",629.545454545455
"723","114","E3","B1 0","B1","0% Con","con",714.636363636364
"724","114","E3","B1 0","B1","0% Con","inc",805.75
"725","114","E3","B1 0","B2","100% Con","con",534.909090909091
"726","114","E3","B1 0","B2","100% Con","inc",616.5
"727","114","E3","B1 0","B2","0% Con","con",805.583333333333
"728","114","E3","B1 0","B2","0% Con","inc",870
"729","116","E3","B1 0","B1","100% Con","con",671.454545454545
"730","116","E3","B1 0","B1","100% Con","inc",726.909090909091
"731","116","E3","B1 0","B1","0% Con","con",578.818181818182
"732","116","E3","B1 0","B1","0% Con","inc",693.909090909091
"733","116","E3","B1 0","B2","100% Con","con",556.909090909091
"734","116","E3","B1 0","B2","100% Con","inc",634.818181818182
"735","116","E3","B1 0","B2","0% Con","con",521.916666666667
"736","116","E3","B1 0","B2","0% Con","inc",549
"737","118","E3","B1 0","B1","100% Con","con",514.583333333333
"738","118","E3","B1 0","B1","100% Con","inc",726.75
"739","118","E3","B1 0","B1","0% Con","con",613.181818181818
"740","118","E3","B1 0","B1","0% Con","inc",658
"741","118","E3","B1 0","B2","100% Con","con",542.363636363636
"742","118","E3","B1 0","B2","100% Con","inc",548.75
"743","118","E3","B1 0","B2","0% Con","con",631.272727272727
"744","118","E3","B1 0","B2","0% Con","inc",630.666666666667
"745","119","E3","B1 100","B1","100% Con","con",727
"746","119","E3","B1 100","B1","100% Con","inc",849.181818181818
"747","119","E3","B1 100","B1","0% Con","con",727.333333333333
"748","119","E3","B1 100","B1","0% Con","inc",767.545454545455
"749","119","E3","B1 100","B2","100% Con","con",763.833333333333
"750","119","E3","B1 100","B2","100% Con","inc",953.272727272727
"751","119","E3","B1 100","B2","0% Con","con",650.363636363636
"752","119","E3","B1 100","B2","0% Con","inc",731
"753","120","E3","B1 0","B1","100% Con","con",547.636363636364
"754","120","E3","B1 0","B1","100% Con","inc",548.083333333333
"755","120","E3","B1 0","B1","0% Con","con",526.333333333333
"756","120","E3","B1 0","B1","0% Con","inc",576.454545454545
"757","120","E3","B1 0","B2","100% Con","con",454.454545454545
"758","120","E3","B1 0","B2","100% Con","inc",560.166666666667
"759","120","E3","B1 0","B2","0% Con","con",490.9
"760","120","E3","B1 0","B2","0% Con","inc",549
"761","121","E3","B1 0","B1","100% Con","con",541
"762","121","E3","B1 0","B1","100% Con","inc",583.636363636364
"763","121","E3","B1 0","B1","0% Con","con",594
"764","121","E3","B1 0","B1","0% Con","inc",768.727272727273
"765","121","E3","B1 0","B2","100% Con","con",526.454545454545
"766","121","E3","B1 0","B2","100% Con","inc",701.416666666667
"767","121","E3","B1 0","B2","0% Con","con",551.545454545455
"768","121","E3","B1 0","B2","0% Con","inc",645.75
"769","123","E3","B1 100","B1","100% Con","con",526.636363636364
"770","123","E3","B1 100","B1","100% Con","inc",617
"771","123","E3","B1 100","B1","0% Con","con",856.166666666667
"772","123","E3","B1 100","B1","0% Con","inc",880
"773","123","E3","B1 100","B2","100% Con","con",704.818181818182
"774","123","E3","B1 100","B2","100% Con","inc",795.5
"775","123","E3","B1 100","B2","0% Con","con",776.636363636364
"776","123","E3","B1 100","B2","0% Con","inc",976.272727272727
"777","125","E3","B1 100","B1","100% Con","con",675.333333333333
"778","125","E3","B1 100","B1","100% Con","inc",752.9
"779","125","E3","B1 100","B1","0% Con","con",611.363636363636
"780","125","E3","B1 100","B1","0% Con","inc",779.909090909091
"781","125","E3","B1 100","B2","100% Con","con",739.333333333333
"782","125","E3","B1 100","B2","100% Con","inc",921.272727272727
"783","125","E3","B1 100","B2","0% Con","con",614.090909090909
"784","125","E3","B1 100","B2","0% Con","inc",758.454545454545
"785","126","E3","B1 100","B1","100% Con","con",677.583333333333
"786","126","E3","B1 100","B1","100% Con","inc",712
"787","126","E3","B1 100","B1","0% Con","con",935.272727272727
"788","126","E3","B1 100","B1","0% Con","inc",970.4
"789","126","E3","B1 100","B2","100% Con","con",649.818181818182
"790","126","E3","B1 100","B2","100% Con","inc",819.75
"791","126","E3","B1 100","B2","0% Con","con",969.636363636364
"792","126","E3","B1 100","B2","0% Con","inc",1042.72727272727
"793","128","E3","B1 100","B1","100% Con","con",840.181818181818
"794","128","E3","B1 100","B1","100% Con","inc",1057
"795","128","E3","B1 100","B1","0% Con","con",869.416666666667
"796","128","E3","B1 100","B1","0% Con","inc",987.166666666667
"797","128","E3","B1 100","B2","100% Con","con",877.916666666667
"798","128","E3","B1 100","B2","100% Con","inc",988.666666666667
"799","128","E3","B1 100","B2","0% Con","con",1140.81818181818
"800","128","E3","B1 100","B2","0% Con","inc",1358
"801","129","E3","B1 100","B1","100% Con","con",611.272727272727
"802","129","E3","B1 100","B1","100% Con","inc",663.818181818182
"803","129","E3","B1 100","B1","0% Con","con",633.583333333333
"804","129","E3","B1 100","B1","0% Con","inc",750.090909090909
"805","129","E3","B1 100","B2","100% Con","con",626.363636363636
"806","129","E3","B1 100","B2","100% Con","inc",699.4
"807","129","E3","B1 100","B2","0% Con","con",587.545454545455
"808","129","E3","B1 100","B2","0% Con","inc",704.545454545455
"809","132","E3","B1 100","B1","100% Con","con",556
"810","132","E3","B1 100","B1","100% Con","inc",786.909090909091
"811","132","E3","B1 100","B1","0% Con","con",508.583333333333
"812","132","E3","B1 100","B1","0% Con","inc",619.333333333333
"813","132","E3","B1 100","B2","100% Con","con",534.666666666667
"814","132","E3","B1 100","B2","100% Con","inc",695.375
"815","132","E3","B1 100","B2","0% Con","con",465.090909090909
"816","132","E3","B1 100","B2","0% Con","inc",606.3
"817","133","E3","B1 100","B1","100% Con","con",634.416666666667
"818","133","E3","B1 100","B1","100% Con","inc",745.363636363636
"819","133","E3","B1 100","B1","0% Con","con",662.545454545455
"820","133","E3","B1 100","B1","0% Con","inc",692.555555555556
"821","133","E3","B1 100","B2","100% Con","con",712.333333333333
"822","133","E3","B1 100","B2","100% Con","inc",717.8
"823","133","E3","B1 100","B2","0% Con","con",596.5
"824","133","E3","B1 100","B2","0% Con","inc",675.636363636364
"825","134","E3","B1 0","B1","100% Con","con",781.363636363636
"826","134","E3","B1 0","B1","100% Con","inc",796.083333333333
"827","134","E3","B1 0","B1","0% Con","con",770.272727272727
"828","134","E3","B1 0","B1","0% Con","inc",882.727272727273
"829","134","E3","B1 0","B2","100% Con","con",821.090909090909
"830","134","E3","B1 0","B2","100% Con","inc",850.083333333333
"831","134","E3","B1 0","B2","0% Con","con",789.090909090909
"832","134","E3","B1 0","B2","0% Con","inc",801.666666666667
"833","135","E3","B1 0","B1","100% Con","con",785.333333333333
"834","135","E3","B1 0","B1","100% Con","inc",1023
"835","135","E3","B1 0","B1","0% Con","con",934.583333333333
"836","135","E3","B1 0","B1","0% Con","inc",1385.5
"837","135","E3","B1 0","B2","100% Con","con",778.166666666667
"838","135","E3","B1 0","B2","100% Con","inc",859.818181818182
"839","135","E3","B1 0","B2","0% Con","con",797.25
"840","135","E3","B1 0","B2","0% Con","inc",932.454545454545
"841","137","E3","B1 100","B1","100% Con","con",570.454545454545
"842","137","E3","B1 100","B1","100% Con","inc",650.2
"843","137","E3","B1 100","B1","0% Con","con",493.636363636364
"844","137","E3","B1 100","B1","0% Con","inc",661.75
"845","137","E3","B1 100","B2","100% Con","con",492.090909090909
"846","137","E3","B1 100","B2","100% Con","inc",618.5
"847","137","E3","B1 100","B2","0% Con","con",506.636363636364
"848","137","E3","B1 100","B2","0% Con","inc",573.727272727273
"849","138","E3","B1 0","B1","100% Con","con",1212.54545454545
"850","138","E3","B1 0","B1","100% Con","inc",1155.66666666667
"851","138","E3","B1 0","B1","0% Con","con",1041
"852","138","E3","B1 0","B1","0% Con","inc",1128.1
"853","138","E3","B1 0","B2","100% Con","con",1041.72727272727
"854","138","E3","B1 0","B2","100% Con","inc",1180.91666666667
"855","138","E3","B1 0","B2","0% Con","con",1125
"856","138","E3","B1 0","B2","0% Con","inc",1147.25
"857","140","E3","B1 100","B1","100% Con","con",584.181818181818
"858","140","E3","B1 100","B1","100% Con","inc",749.8
"859","140","E3","B1 100","B1","0% Con","con",490.090909090909
"860","140","E3","B1 100","B1","0% Con","inc",513.416666666667
"861","140","E3","B1 100","B2","100% Con","con",511.333333333333
"862","140","E3","B1 100","B2","100% Con","inc",609.727272727273
"863","140","E3","B1 100","B2","0% Con","con",519.833333333333
"864","140","E3","B1 100","B2","0% Con","inc",527.727272727273
"865","141","E3","B1 0","B1","100% Con","con",897.583333333333
"866","141","E3","B1 0","B1","100% Con","inc",1088.75
"867","141","E3","B1 0","B1","0% Con","con",1092.66666666667
"868","141","E3","B1 0","B1","0% Con","inc",1073.27272727273
"869","141","E3","B1 0","B2","100% Con","con",835.909090909091
"870","141","E3","B1 0","B2","100% Con","inc",1012
"871","141","E3","B1 0","B2","0% Con","con",1160.90909090909
"872","141","E3","B1 0","B2","0% Con","inc",1393.54545454545
"873","142","E3","B1 0","B1","100% Con","con",642.636363636364
"874","142","E3","B1 0","B1","100% Con","inc",796.090909090909
"875","142","E3","B1 0","B1","0% Con","con",1012.18181818182
"876","142","E3","B1 0","B1","0% Con","inc",903
"877","142","E3","B1 0","B2","100% Con","con",722.818181818182
"878","142","E3","B1 0","B2","100% Con","inc",750.8
"879","142","E3","B1 0","B2","0% Con","con",978.818181818182
"880","142","E3","B1 0","B2","0% Con","inc",944.545454545455
"881","143","E3","B1 0","B1","100% Con","con",853.636363636364
"882","143","E3","B1 0","B1","100% Con","inc",1066.18181818182
"883","143","E3","B1 0","B1","0% Con","con",973.25
"884","143","E3","B1 0","B1","0% Con","inc",1064.5
"885","143","E3","B1 0","B2","100% Con","con",889.083333333333
"886","143","E3","B1 0","B2","100% Con","inc",970.083333333333
"887","143","E3","B1 0","B2","0% Con","con",956.416666666667
"888","143","E3","B1 0","B2","0% Con","inc",1126.83333333333
"889","145","E3","B1 0","B1","100% Con","con",621.818181818182
"890","145","E3","B1 0","B1","100% Con","inc",581.4
"891","145","E3","B1 0","B1","0% Con","con",536.727272727273
"892","145","E3","B1 0","B1","0% Con","inc",614.083333333333
"893","145","E3","B1 0","B2","100% Con","con",592.909090909091
"894","145","E3","B1 0","B2","100% Con","inc",732.181818181818
"895","145","E3","B1 0","B2","0% Con","con",534.727272727273
"896","145","E3","B1 0","B2","0% Con","inc",532.083333333333
"897","146","E3","B1 100","B1","100% Con","con",491.636363636364
"898","146","E3","B1 100","B1","100% Con","inc",578.375
"899","146","E3","B1 100","B1","0% Con","con",568.583333333333
"900","146","E3","B1 100","B1","0% Con","inc",583.8
"901","146","E3","B1 100","B2","100% Con","con",454.916666666667
"902","146","E3","B1 100","B2","100% Con","inc",626.7
"903","146","E3","B1 100","B2","0% Con","con",517.363636363636
"904","146","E3","B1 100","B2","0% Con","inc",589.636363636364
"905","147","E3","B1 0","B1","100% Con","con",764
"906","147","E3","B1 0","B1","100% Con","inc",943.75
"907","147","E3","B1 0","B1","0% Con","con",833.833333333333
"908","147","E3","B1 0","B1","0% Con","inc",869.818181818182
"909","147","E3","B1 0","B2","100% Con","con",692.083333333333
"910","147","E3","B1 0","B2","100% Con","inc",807.333333333333
"911","147","E3","B1 0","B2","0% Con","con",791.636363636364
"912","147","E3","B1 0","B2","0% Con","inc",879.181818181818
"913","149","E3","B1 0","B1","100% Con","con",612.090909090909
"914","149","E3","B1 0","B1","100% Con","inc",824.636363636364
"915","149","E3","B1 0","B1","0% Con","con",695.727272727273
"916","149","E3","B1 0","B1","0% Con","inc",705.545454545455
"917","149","E3","B1 0","B2","100% Con","con",680.181818181818
"918","149","E3","B1 0","B2","100% Con","inc",751.545454545455
"919","149","E3","B1 0","B2","0% Con","con",813.166666666667
"920","149","E3","B1 0","B2","0% Con","inc",687.416666666667
"921","152","E3","B1 100","B1","100% Con","con",551.181818181818
"922","152","E3","B1 100","B1","100% Con","inc",659.6
"923","152","E3","B1 100","B1","0% Con","con",555.4
"924","152","E3","B1 100","B1","0% Con","inc",623.555555555556
"925","152","E3","B1 100","B2","100% Con","con",580.545454545455
"926","152","E3","B1 100","B2","100% Con","inc",693.333333333333
"927","152","E3","B1 100","B2","0% Con","con",497.7
"928","152","E3","B1 100","B2","0% Con","inc",667.545454545455
"929","153","E3","B1 0","B1","100% Con","con",855.636363636364
"930","153","E3","B1 0","B1","100% Con","inc",781.1
"931","153","E3","B1 0","B1","0% Con","con",685.363636363636
"932","153","E3","B1 0","B1","0% Con","inc",702.75
"933","153","E3","B1 0","B2","100% Con","con",569
"934","153","E3","B1 0","B2","100% Con","inc",801.916666666667
"935","153","E3","B1 0","B2","0% Con","con",1343.91666666667
"936","153","E3","B1 0","B2","0% Con","inc",1098.5
"937","154","E3","B1 100","B1","100% Con","con",813.545454545455
"938","154","E3","B1 100","B1","100% Con","inc",894.4
"939","154","E3","B1 100","B1","0% Con","con",778.416666666667
"940","154","E3","B1 100","B1","0% Con","inc",973.2
"941","154","E3","B1 100","B2","100% Con","con",787.25
"942","154","E3","B1 100","B2","100% Con","inc",812.545454545455
"943","154","E3","B1 100","B2","0% Con","con",742.090909090909
"944","154","E3","B1 100","B2","0% Con","inc",1077.75
"945","155","E3","B1 100","B1","100% Con","con",588
"946","155","E3","B1 100","B1","100% Con","inc",625.625
"947","155","E3","B1 100","B1","0% Con","con",615.083333333333
"948","155","E3","B1 100","B1","0% Con","inc",696.2
"949","155","E3","B1 100","B2","100% Con","con",571.636363636364
"950","155","E3","B1 100","B2","100% Con","inc",719.454545454545
"951","155","E3","B1 100","B2","0% Con","con",568.181818181818
"952","155","E3","B1 100","B2","0% Con","inc",684.9
"953","156","E3","B1 100","B1","100% Con","con",529.818181818182
"954","156","E3","B1 100","B1","100% Con","inc",577.375
"955","156","E3","B1 100","B1","0% Con","con",592.363636363636
"956","156","E3","B1 100","B1","0% Con","inc",765.272727272727
"957","156","E3","B1 100","B2","100% Con","con",677.583333333333
"958","156","E3","B1 100","B2","100% Con","inc",875.555555555556
"959","156","E3","B1 100","B2","0% Con","con",597.909090909091
"960","156","E3","B1 100","B2","0% Con","inc",642.083333333333
"961","158","E3","B1 100","B1","100% Con","con",1146
"962","158","E3","B1 100","B1","100% Con","inc",1158.5
"963","158","E3","B1 100","B1","0% Con","con",1036.36363636364
"964","158","E3","B1 100","B1","0% Con","inc",1093.81818181818
"965","158","E3","B1 100","B2","100% Con","con",1249.66666666667
"966","158","E3","B1 100","B2","100% Con","inc",1784
"967","158","E3","B1 100","B2","0% Con","con",951.5
"968","158","E3","B1 100","B2","0% Con","inc",1093.18181818182
"969","159","E3","B1 100","B1","100% Con","con",943.666666666667
"970","159","E3","B1 100","B1","100% Con","inc",1082.36363636364
"971","159","E3","B1 100","B1","0% Con","con",1152.83333333333
"972","159","E3","B1 100","B1","0% Con","inc",1219.77777777778
"973","159","E3","B1 100","B2","100% Con","con",735
"974","159","E3","B1 100","B2","100% Con","inc",940.916666666667
"975","159","E3","B1 100","B2","0% Con","con",821
"976","159","E3","B1 100","B2","0% Con","inc",937.5
"977","160","E3","B1 100","B1","100% Con","con",557.916666666667
"978","160","E3","B1 100","B1","100% Con","inc",612.9
"979","160","E3","B1 100","B1","0% Con","con",815.083333333333
"980","160","E3","B1 100","B1","0% Con","inc",810.416666666667
"981","160","E3","B1 100","B2","100% Con","con",596
"982","160","E3","B1 100","B2","100% Con","inc",636.727272727273
"983","160","E3","B1 100","B2","0% Con","con",761.333333333333
"984","160","E3","B1 100","B2","0% Con","inc",823.545454545455
"985","161","E3","B1 0","B1","100% Con","con",623.636363636364
"986","161","E3","B1 0","B1","100% Con","inc",671.818181818182
"987","161","E3","B1 0","B1","0% Con","con",712.833333333333
"988","161","E3","B1 0","B1","0% Con","inc",724.636363636364
"989","161","E3","B1 0","B2","100% Con","con",684.583333333333
"990","161","E3","B1 0","B2","100% Con","inc",794.1
"991","161","E3","B1 0","B2","0% Con","con",602.916666666667
"992","161","E3","B1 0","B2","0% Con","inc",687.333333333333
"993","162","E3","B1 100","B1","100% Con","con",476.083333333333
"994","162","E3","B1 100","B1","100% Con","inc",472.888888888889
"995","162","E3","B1 100","B1","0% Con","con",491.083333333333
"996","162","E3","B1 100","B1","0% Con","inc",503.3
"997","162","E3","B1 100","B2","100% Con","con",509.333333333333
"998","162","E3","B1 100","B2","100% Con","inc",553.5
"999","162","E3","B1 100","B2","0% Con","con",429.5
"1000","162","E3","B1 100","B2","0% Con","inc",473.2
"1001","163","E3","B1 0","B1","100% Con","con",730.090909090909
"1002","163","E3","B1 0","B1","100% Con","inc",791.916666666667
"1003","163","E3","B1 0","B1","0% Con","con",753.333333333333
"1004","163","E3","B1 0","B1","0% Con","inc",848.8
"1005","163","E3","B1 0","B2","100% Con","con",746
"1006","163","E3","B1 0","B2","100% Con","inc",714.181818181818
"1007","163","E3","B1 0","B2","0% Con","con",778.363636363636
"1008","163","E3","B1 0","B2","0% Con","inc",809.5
"1009","164","E3","B1 0","B1","100% Con","con",769.666666666667
"1010","164","E3","B1 0","B1","100% Con","inc",928.8
"1011","164","E3","B1 0","B1","0% Con","con",684.454545454545
"1012","164","E3","B1 0","B1","0% Con","inc",1062.45454545455
"1013","164","E3","B1 0","B2","100% Con","con",850.454545454545
"1014","164","E3","B1 0","B2","100% Con","inc",960.375
"1015","164","E3","B1 0","B2","0% Con","con",664.363636363636
"1016","164","E3","B1 0","B2","0% Con","inc",997.3
"1017","165","E3","B1 0","B1","100% Con","con",710.727272727273
"1018","165","E3","B1 0","B1","100% Con","inc",886.833333333333
"1019","165","E3","B1 0","B1","0% Con","con",626.416666666667
"1020","165","E3","B1 0","B1","0% Con","inc",678.636363636364
"1021","165","E3","B1 0","B2","100% Con","con",633.666666666667
"1022","165","E3","B1 0","B2","100% Con","inc",784.818181818182
"1023","165","E3","B1 0","B2","0% Con","con",612.583333333333
"1024","165","E3","B1 0","B2","0% Con","inc",728.272727272727
"1025","166","E3","B1 0","B1","100% Con","con",705
"1026","166","E3","B1 0","B1","100% Con","inc",689.666666666667
"1027","166","E3","B1 0","B1","0% Con","con",685.727272727273
"1028","166","E3","B1 0","B1","0% Con","inc",838.083333333333
"1029","166","E3","B1 0","B2","100% Con","con",657.545454545455
"1030","166","E3","B1 0","B2","100% Con","inc",722.833333333333
"1031","166","E3","B1 0","B2","0% Con","con",619.666666666667
"1032","166","E3","B1 0","B2","0% Con","inc",629
"1033","169","E3","B1 0","B1","100% Con","con",707.545454545455
"1034","169","E3","B1 0","B1","100% Con","inc",908.083333333333
"1035","169","E3","B1 0","B1","0% Con","con",831.583333333333
"1036","169","E3","B1 0","B1","0% Con","inc",888.272727272727
"1037","169","E3","B1 0","B2","100% Con","con",676.5
"1038","169","E3","B1 0","B2","100% Con","inc",871.833333333333
"1039","169","E3","B1 0","B2","0% Con","con",843.75
"1040","169","E3","B1 0","B2","0% Con","inc",922.909090909091
"1041","170","E3","B1 0","B1","100% Con","con",937.833333333333
"1042","170","E3","B1 0","B1","100% Con","inc",718.454545454545
"1043","170","E3","B1 0","B1","0% Con","con",1036
"1044","170","E3","B1 0","B1","0% Con","inc",892.666666666667
"1045","170","E3","B1 0","B2","100% Con","con",738.416666666667
"1046","170","E3","B1 0","B2","100% Con","inc",813.6
"1047","170","E3","B1 0","B2","0% Con","con",799.666666666667
"1048","170","E3","B1 0","B2","0% Con","inc",882.727272727273
